YEAR,Black,White,Black_se,White_se
1980,2.8441959871376628,9.067542468254878,0,0
2000,4.589535321799148,10.792692792360212,0,0
2015,4.955321324399155,10.76037430412983,0.032620939272436096,0.017004501332030825
2016,5.056906927778461,10.860706275182325,0.0382354095086508,0.01762961448584371
2019,5.230813710560901,10.598548611294435,0.03606133834933544,0.01680900289251662
2022,6.508279537853744,11.059135585139025,0.043843149371557234,0.020193439170161896
2023,6.3942897257239135,10.977148665443208,0.03945873500716852,0.01975546276396288
