YEAR,Midwest,Northeast,South,Total,West,Midwest_se,Northeast_se,South_se,Total_se,West_se
1980,32.782531720271464,35.91934837762051,38.506236925699234,31.62072615158069,25.086693235339787,0,0,0,0,0
2000,26.439320888837173,34.032200271266625,29.560788431414863,28.369956867849133,26.12838202095619,0,0,0,0,0
2015,33.584489841038746,43.93076653554791,36.051812576630674,36.998776937317935,36.102055350902546,0.30754798055822435,0.24695769006829837,0.13184517820548824,0.09292489121104833,0.14860764185537406
2016,34.53585427471002,44.54647398742344,37.32441523373226,37.75734952938134,36.28984887285501,0.31066130255444707,0.28409392333117106,0.1431099202493029,0.09357320460834384,0.11802409887262752
2019,39.67417882468009,50.0306468008136,40.31663527504901,42.04254328777952,41.279172020182266,0.3548703791701324,0.2508785784684878,0.1295916884249921,0.08811347125104443,0.15826232594307385
2022,39.18672320131729,49.05999321325283,42.99348521772608,43.31533733452482,42.10947059501543,0.3430308566198138,0.22723994134558007,0.1441895478842,0.08180747551943399,0.1353003144723619
2023,37.252263858470926,46.421397465458675,40.039948831532584,41.37463253959321,41.814214911293284,0.32235502972472324,0.19936792062128222,0.14992050406495797,0.08824907384264374,0.14455266743573392
