YEAR,Black,White,Black_se,White_se
1980,48.20830750154991,71.72469490308686,0,0
2000,46.52397154984621,60.75280785378177,0,0
2015,60.50619800464162,67.34029207893238,0.18689197081478656,0.11879485187148836
2016,61.34025316699938,67.98936045919802,0.21516302268908089,0.12720287608343192
2019,63.73332821780679,69.56240920962007,0.2249415308022678,0.12423108714836757
2022,66.18806462324609,72.41892109353874,0.22936507485490573,0.1291366810529484
2023,66.94282762541825,72.33473242222031,0.2587744711368313,0.1363099648875484
