YEAR,Midwest,Northeast,South,Total,West,Midwest_se,Northeast_se,South_se,Total_se,West_se
1980,3.857225100748417,3.9504997620180866,4.448121011581186,3.910249751435737,3.493150684931507,0,0,0,0,0
2000,12.142699112022791,13.913448435076926,13.007864047729049,10.90154071595975,7.833633834955346,0,0,0,0,0
2015,14.280205304229224,17.591504292115882,17.00322686561873,14.983312116799388,12.24957812227924,0.1647866121317164,0.10768321007222861,0.07094206329191535,0.039056997692959755,0.06564772705378667
2016,14.97173829843465,17.671685238512584,17.37862002612523,15.347392471616006,12.625551990229802,0.15879094155311804,0.12010687633116605,0.08051988289021553,0.045483697143295275,0.06526876147575232
2019,17.382554738000906,20.269283833111025,19.514586127616028,17.625513849490375,14.848246023760254,0.1672550077469199,0.14183168586999775,0.09095705595556296,0.04444870075168842,0.06992547723254357
2022,20.411394471822643,22.902134905961816,22.752501101990624,20.43776254934731,17.170991459855152,0.15676142324362166,0.1390439287428653,0.0704841336679739,0.04643413668521528,0.06462068092916703
2023,20.99964637949904,23.41142399537326,22.94085278830444,20.888696622214184,17.75574528698405,0.16241939658110477,0.14660386810237494,0.0700353276283988,0.044573939677661,0.06767662172361635
