YEAR,Midwest,Northeast,South,West,Midwest_se,Northeast_se,South_se,West_se
1980,228600,23100,572700,1487900,0,0,0,0
2000,973270,324831,2662166,4994790,0,0,0,0
2015,1307726,455237,4013874,6080552,7750.575942013044,6963.629997284626,16310.803202987347,16969.60444014719
2016,1305026,473783,4018406,6064502,8709.869858339382,7940.6353151014755,14335.659438214938,14491.012483512326
2019,1201870,427270,3858709,5778841,8889.295490223058,6561.133206853037,15623.846859276373,17470.585800749806
2022,1215194,436351,3749261,5645874,8607.727842686816,6841.384286555543,15783.314985619621,15225.131597007712
2023,1284329,456611,3958340,5658461,9126.803926805618,5933.290841085161,16640.37707429383,16575.64770773718
