YEAR,Black,White,Black_se,White_se
1980,807100,7804500,0,0
2000,2130463,8456530,0,0
2015,3831076,9343245,18670.436802904052,21620.32819877225
2016,3938493,9440884,15942.19847742685,24484.47648529289
2019,4326913,9354378,18181.46752705462,23095.9501161233
2022,4510188,9041295,18611.49468684557,21831.902790469998
2023,4662874,9235997,19386.82531436285,20853.892342128565
