YEAR,Black,White,Black_se,White_se
1980,45.350169446554986,68.98762571965736,0,0
2000,45.753404502988,72.64034407200667,0,0
2015,41.23947784352768,71.1011502869435,0.09166601397779037,0.026730929959023188
2016,41.04657889014647,71.27649986592499,0.08059957178891684,0.028555665190306407
2019,42.316828727396796,72.21134592221838,0.08330557332906514,0.02963152146939764
2022,44.28988669766866,73.07162568850848,0.08019567462188441,0.025186717179505505
2023,45.028947083215485,73.18070435343034,0.08020732828736256,0.030503893324310093
