YEAR,Midwest,Northeast,South,West,Midwest_se,Northeast_se,South_se,West_se
1980,45.378151260504204,35.039370078740156,56.350232798758405,45.99092284417549,0,0,0,0
2000,49.68650525706569,22.82982791586998,49.70457902511078,43.95983239927161,0,0,0,0
2015,49.702517873795465,21.856952465570856,53.75789994405892,44.44517134460643,0.3515205347524063,0.66141996858738,0.17326398979831034,0.15478184015823823
2016,51.040663216157526,21.914716812404826,53.720602313474046,45.12205351338593,0.3734764499659995,0.6804679692921812,0.18021166150296677,0.14601301817835313
2019,55.44944000951433,27.44840807275061,56.65939839296752,47.57490818312071,0.2994198476356081,0.5781680743333957,0.14566757207629552,0.15374501463098686
2022,59.29648285411172,28.132404681553815,59.21296238994645,50.26030530657691,0.347836374489169,0.5876677384147548,0.17386672085421936,0.12894360976848002
2023,60.22145826018079,30.078083217456413,59.78830278831265,50.59234879822685,0.3199341269391437,0.6289195469921458,0.15221796102606594,0.1285108864299544
