YEAR,Midwest,Northeast,South,Total,West,Midwest_se,Northeast_se,South_se,Total_se,West_se
2005,162500,350000,112500,187500,275000,7108.72836640575,0,0,2795.084971874737,0
2009,150000,300000,120000,160000,200000,1676.1544293071793,0,0,664.5403855678245,1696.935062869212
2015,130000,265000,125000,170000,250000,1358.5174346518945,4050.2383114758613,0,0,0
2022,200000,374000,250000,300000,450000,0,3326.1526031197827,0,0,0
1940,2000,4000,450,600,500,NA,NA,NA,NA,NA
1960,11250,16250,6250,8750,11250,NA,NA,NA,NA,NA
1970,16250,22500,8750,13750,16250,NA,NA,NA,NA,NA
1980,37500,47500,32500,47500,62500,NA,NA,NA,NA,NA
2000,112500,162500,75000,112500,137500,NA,NA,NA,NA,NA
