YEAR,Midwest,Northeast,South,Total,West,Midwest_se,Northeast_se,South_se,Total_se,West_se
1980,45.01956063797773,20.368722186904005,54.543197616683216,44.11478962708318,47.2876213592233,0,0,0,0,0
2000,48.517643972189425,27.111183567003586,51.220563336924734,44.61611369303097,45.261807050142366,0,0,0,0,0
2015,49.03971774178726,29.18622242457721,51.59750971723684,45.290424888087536,44.5233051442305,0.31434206720455976,0.17887268297223904,0.11092003827665513,0.08117020787462412,0.13234642861202625
2016,49.55064758029127,29.282342263292584,51.52955295958345,45.5972233767906,45.161305972547844,0.2950768813871117,0.16722370300227757,0.14613521074912222,0.08997564612714848,0.1326866192639118
2019,52.18256173182495,32.21450211918803,54.07048549945162,48.106636236264144,47.38450787783645,0.2614377339631581,0.20775985678802628,0.11371816600734148,0.07163593546028525,0.13803062896516657
2022,55.87964138647466,35.255215554426876,56.97410678068912,51.102280912122936,49.99768085651526,0.2582933807219618,0.1838210437769012,0.1260282495472466,0.07491590828298096,0.12156036834837648
2023,56.68559223380247,34.725007509156384,56.837853706337626,51.008833134804554,49.760693666743634,0.22105102369802784,0.18780266253092584,0.11379241575595471,0.07249688103001406,0.12175020016273967
