YEAR,Midwest,Northeast,South,Total,West,Midwest_se,Northeast_se,South_se,Total_se,West_se
2005,36700,35000,33000,35500,38100,355.049024739337,150.6962218034108,87.59940104413465,127.0293497432878,193.68640810223172
2009,40000,39500,37000,40000,43000,239.03166995297155,365.08053559229154,139.01710519923324,0,120.60442452576055
2015,44500,42000,43000,44800,47100,457.34954640289817,199.03501377612122,86.75259453311958,139.24928697860767,203.87849291530904
2022,61800,60000,60000,63200,70000,441.54273199455474,34.01321411124234,0,211.60612443578796,147.29711427389785
1980,16010,10930,12960,13505,14880,NA,NA,NA,NA,NA
2000,39800,32000,31200,32800,32700,NA,NA,NA,NA,NA
