YEAR,Black,White,Black_se,White_se
1980,10925,17840,NA,NA
2000,28250,43800,NA,NA
2015,36000,61000,61.33212654747464,15.710997518871126
2016,38000,62740,45.571192043919545,93.34297719917157
2019,43200,70900,176.5505898021688,72.93095399508299
2022,49500,77000,244.5802073923834,101.12022860393162
2023,52800,81500,249.08436753818722,104.70505591506657
