YEAR,Midwest,Northeast,South,Total,West,Midwest_se,Northeast_se,South_se,Total_se,West_se
1980,16010,10930,12960,13505,14880,NA,NA,NA,NA,NA
2000,39800,32000,31200,32800,32700,NA,NA,NA,NA,NA
2015,44500,42000,43000,44800,47100,457.34954640289817,199.03501377612122,86.75259453311958,139.24928697860767,203.87849291530904
2016,46800,44400,44300,46300,50000,365.970186238155,350.86547604243,247.32330318323898,189.80936472342154,191.87928035055816
2019,52170,53800,51900,55000,60000,483.12732223883893,395.36587765662057,188.49634015854141,47.13299255661338,0
2022,61800,60000,60000,63200,70000,441.54273199455474,34.01321411124234,0,211.60612443578796,147.29711427389785
2023,67000,64800,64830,68400,74500,430.1998358137497,296.38302172968724,236.0939726550651,208.4936556118189,314.91286216903507
