YEAR,Midwest,Northeast,South,West,Midwest_se,Northeast_se,South_se,West_se
1980,16700,11670,12007.5,14740,NA,NA,NA,NA
2000,40000,41000,28800,32000,NA,NA,NA,NA
2015,44000,42500,41100,46600,595.3998762665541,725.4633504077309,230.81415478829047,236.93183204874495
2016,46800,45800,42200,49600,391.43275850442024,625.8721004134545,223.28725751168292,266.4401751432763
2019,54000,64100,50000,60000,341.74697780001367,994.8951983481489,44.721359549995796,17.355187456365016
2022,64000,66200,57400,69820,578.4492581927973,1045.7675698388157,338.1084529398327,282.19188978109884
2023,70000,75000,61300,75000,285.85868864426305,863.950889368433,326.0241652533044,287.1668405366425
